{"cameraMode":{"drawMode":0,"name":"Shaded","section":"Shading Mode"},"sceneLighting":true,"audioPlay":false,"sceneViewState":{"m_AlwaysRefresh":false,"showFog":true,"showSkybox":true,"showFlares":true,"showImageEffects":true,"showParticleSystems":true,"showVisualEffectGraphs":true,"m_FxEnabled":true},"in2DMode":false,"pivot":{"x":-6.6943511962890629,"y":9.580998420715332,"z":5.715252876281738},"rotation":{"x":0.10003038495779038,"y":-0.002387863351032138,"z":0.0002402912941761315,"w":0.9949866533279419},"size":22.71377182006836,"orthographic":true}